{
	"pages": [ //pages数组中第一项表示应用启动页，参考：https://uniapp.dcloud.io/collocation/pages
		
        {
            "path" : "pages/scan/scan",
            "style" : {}
        },
		{
		    "path" : "pages/text/text",
		    "style" : {
				"app-plus": {
					"titleNView": false
				}
			}
		}
    ],
	"globalStyle": {
		"navigationBarTextStyle": "black",
		"navigationBarTitleText": "uni-app",
		"navigationBarBackgroundColor": "#F8F8F8",
		"backgroundColor": "#F8F8F8"
	}
}
